attack_name,region,patch_size,epsilon,clean_accuracy,adversarial_accuracy,accuracy_drop,attack_success_rate,macro_f1,confidence_drop,mean_l_inf,mean_l2,num_samples,recall_AK,recall_BCC,recall_BKL,recall_DF,recall_MEL,recall_NV,recall_SCC,recall_VASC
FGSM,Full,,0.0,0.8206229860365198,0.8216970998925887,-0.0010741138560688146,0.0,0.7843090302670513,0.00015230337,0.07256753616251059,0.7059128949297122,931,0.7636363636363637,0.8857142857142857,0.7176470588235294,0.6,0.7523364485981309,0.879746835443038,0.7878787878787878,0.625
PGD,Full,,0.0,0.8206229860365198,0.8216970998925887,-0.0010741138560688146,0.0,0.7843090302670513,0.00015230337,0.07256753616251059,0.7059128949297122,931,0.7636363636363637,0.8857142857142857,0.7176470588235294,0.6,0.7523364485981309,0.879746835443038,0.7878787878787878,0.625
FGSM,Full,,0.00392156862745098,0.8206229860365198,0.39097744360902253,0.4296455424274973,52.35602094240838,0.40132539047359284,0.0603749,0.07406336126727013,1.8680512565803322,931,0.41818181818181815,0.38095238095238093,0.35294117647058826,0.4,0.32242990654205606,0.44936708860759494,0.36363636363636365,0.5
PGD,Full,,0.00392156862745098,0.8206229860365198,0.28356605800214824,0.5370569280343716,65.44502617801047,0.3063648035445662,0.035374418,0.07406336126727013,1.7874613901726286,931,0.23636363636363636,0.22380952380952382,0.2823529411764706,0.3,0.2803738317757009,0.3227848101265823,0.3333333333333333,0.5
FGSM,Full,,0.00784313725490196,0.8206229860365198,0.16648764769065522,0.6541353383458646,79.71204188481676,0.18344066595343667,0.01841687,0.07557135481071267,3.2731915155363644,931,0.12727272727272726,0.14761904761904762,0.11764705882352941,0.1,0.14018691588785046,0.20569620253164558,0.24242424242424243,0.375
PGD,Full,,0.00784313725490196,0.8206229860365198,0.05800214822771214,0.7626208378088077,92.93193717277487,0.07202580745614802,-0.07362299,0.0755713547466905,3.0126149306107797,931,0.05454545454545454,0.023809523809523808,0.023529411764705882,0.0,0.08878504672897196,0.06329113924050633,0.09090909090909091,0.25
FGSM,Full,,0.01568627450980392,0.8206229860365198,0.055853920515574654,0.7647690655209451,93.19371727748691,0.06578173509991692,-0.044026997,0.07858729727414189,6.219924904734184,931,0.01818181818181818,0.01904761904761905,0.023529411764705882,0.0,0.06074766355140187,0.09177215189873418,0.030303030303030304,0.25
PGD,Full,,0.01568627450980392,0.8206229860365198,0.004296455424274973,0.8163265306122449,99.47643979057592,0.0020070382700885644,-0.149897,0.07858729689000885,5.405803433038239,931,0.0,0.0,0.0,0.0,0.004672897196261682,0.00949367088607595,0.0,0.0
FGSM,Full,,0.03137254901960784,0.8206229860365198,0.013963480128893663,0.8066595059076261,98.29842931937172,0.024783928193019104,-0.07903301,0.0849352850949854,12.238801554629678,931,0.0,0.0,0.0,0.0,0.004672897196261682,0.03481012658227848,0.0,0.125
PGD,Full,,0.03137254901960784,0.8206229860365198,0.0,0.8206229860365198,100.0,0.0,-0.1708478,0.084935284582808,9.800382946026696,931,0.0,0.0,0.0,0.0,0.0,0.0,0.0,0.0
FGSM,Full,,0.06274509803921569,0.8206229860365198,0.011815252416756176,0.8088077336197637,98.56020942408377,0.005,-0.07998316,0.09864602718906423,24.366038034605033,931,0.0,0.0,0.0,0.0,0.0,0.03481012658227848,0.0,0.0
PGD,Full,,0.06274509803921569,0.8206229860365198,0.0,0.8206229860365198,100.0,0.0,-0.183766,0.09864602693297553,17.75193375240207,931,0.0,0.0,0.0,0.0,0.0,0.0,0.0,0.0
