attack_name,region,patch_size,epsilon,adversarial_accuracy,attack_success_rate
FGSM,Center,16,0.00784313725490196,0.9957983193277311,0.42016806722689076
PGD,Center,16,0.00784313725490196,0.9957983193277311,0.42016806722689076
FGSM,Center,16,0.01568627450980392,0.9943977591036415,0.5602240896358543
PGD,Center,16,0.01568627450980392,0.9957983193277311,0.42016806722689076
FGSM,Center,16,0.03137254901960784,0.9873949579831933,1.2605042016806722
PGD,Center,16,0.03137254901960784,0.988795518207283,1.1204481792717087
FGSM,Center,16,0.06274509803921569,0.9733893557422969,2.661064425770308
PGD,Center,16,0.06274509803921569,0.9747899159663865,2.5210084033613445
FGSM,Center,32,0.00784313725490196,0.988795518207283,1.1204481792717087
PGD,Center,32,0.00784313725490196,0.988795518207283,1.1204481792717087
FGSM,Center,32,0.01568627450980392,0.9733893557422969,2.661064425770308
PGD,Center,32,0.01568627450980392,0.9733893557422969,2.661064425770308
FGSM,Center,32,0.03137254901960784,0.9425770308123249,5.742296918767507
PGD,Center,32,0.03137254901960784,0.9453781512605042,5.46218487394958
FGSM,Center,32,0.06274509803921569,0.8949579831932774,10.504201680672269
PGD,Center,32,0.06274509803921569,0.9019607843137255,9.803921568627452
FGSM,Center,48,0.00784313725490196,0.9733893557422969,2.661064425770308
PGD,Center,48,0.00784313725490196,0.9733893557422969,2.661064425770308
FGSM,Center,48,0.01568627450980392,0.9439775910364145,5.602240896358544
PGD,Center,48,0.01568627450980392,0.9425770308123249,5.742296918767507
FGSM,Center,48,0.03137254901960784,0.8949579831932774,10.504201680672269
PGD,Center,48,0.03137254901960784,0.8879551820728291,11.204481792717088
FGSM,Center,48,0.06274509803921569,0.8137254901960784,18.627450980392158
PGD,Center,48,0.06274509803921569,0.7997198879551821,20.028011204481793
FGSM,Center,64,0.00784313725490196,0.9537815126050421,4.621848739495799
PGD,Center,64,0.00784313725490196,0.9537815126050421,4.621848739495799
FGSM,Center,64,0.01568627450980392,0.9159663865546218,8.403361344537815
PGD,Center,64,0.01568627450980392,0.9145658263305322,8.543417366946779
FGSM,Center,64,0.03137254901960784,0.8431372549019608,15.686274509803921
PGD,Center,64,0.03137254901960784,0.8361344537815126,16.386554621848738
FGSM,Center,64,0.06274509803921569,0.6932773109243697,30.672268907563026
PGD,Center,64,0.06274509803921569,0.6442577030812325,35.57422969187675
FGSM,Top Center,16,0.00784313725490196,0.9985994397759104,0.1400560224089636
PGD,Top Center,16,0.00784313725490196,0.9985994397759104,0.1400560224089636
FGSM,Top Center,16,0.01568627450980392,0.9985994397759104,0.1400560224089636
PGD,Top Center,16,0.01568627450980392,0.9985994397759104,0.1400560224089636
FGSM,Top Center,16,0.03137254901960784,0.9971988795518207,0.2801120448179272
PGD,Top Center,16,0.03137254901960784,0.9971988795518207,0.2801120448179272
FGSM,Top Center,16,0.06274509803921569,0.9971988795518207,0.2801120448179272
PGD,Top Center,16,0.06274509803921569,0.9971988795518207,0.2801120448179272
FGSM,Top Center,32,0.00784313725490196,0.9971988795518207,0.2801120448179272
PGD,Top Center,32,0.00784313725490196,0.9971988795518207,0.2801120448179272
FGSM,Top Center,32,0.01568627450980392,0.9971988795518207,0.2801120448179272
PGD,Top Center,32,0.01568627450980392,0.9971988795518207,0.2801120448179272
FGSM,Top Center,32,0.03137254901960784,0.9929971988795518,0.700280112044818
PGD,Top Center,32,0.03137254901960784,0.9929971988795518,0.700280112044818
FGSM,Top Center,32,0.06274509803921569,0.9915966386554622,0.8403361344537815
PGD,Top Center,32,0.06274509803921569,0.9915966386554622,0.8403361344537815
FGSM,Top Center,48,0.00784313725490196,0.9957983193277311,0.42016806722689076
PGD,Top Center,48,0.00784313725490196,0.9957983193277311,0.42016806722689076
FGSM,Top Center,48,0.01568627450980392,0.9915966386554622,0.8403361344537815
PGD,Top Center,48,0.01568627450980392,0.9915966386554622,0.8403361344537815
FGSM,Top Center,48,0.03137254901960784,0.9901960784313726,0.9803921568627451
PGD,Top Center,48,0.03137254901960784,0.9901960784313726,0.9803921568627451
FGSM,Top Center,48,0.06274509803921569,0.9789915966386554,2.100840336134454
PGD,Top Center,48,0.06274509803921569,0.9803921568627451,1.9607843137254901
FGSM,Top Center,64,0.00784313725490196,0.9915966386554622,0.8403361344537815
PGD,Top Center,64,0.00784313725490196,0.9915966386554622,0.8403361344537815
FGSM,Top Center,64,0.01568627450980392,0.9845938375350141,1.5406162464985995
PGD,Top Center,64,0.01568627450980392,0.9831932773109243,1.680672268907563
FGSM,Top Center,64,0.03137254901960784,0.9705882352941176,2.941176470588235
PGD,Top Center,64,0.03137254901960784,0.9719887955182073,2.801120448179272
FGSM,Top Center,64,0.06274509803921569,0.9439775910364145,5.602240896358544
PGD,Top Center,64,0.06274509803921569,0.9425770308123249,5.742296918767507
