attack_name,region,patch_size,epsilon,adversarial_accuracy,attack_success_rate,macro_f1,confidence_drop,mean_l_inf,mean_l2
FGSM,Top Half,,0.00392156862745098,0.7389903329752954,3.6414565826330536,0.7189850048764028,0.009107368,0.07406336126727013,1.4812166224744983
PGD,Top Half,,0.00392156862745098,0.7379162191192267,3.7815126050420167,0.718021078642913,0.009211345,0.07406336126727013,1.4679064504826236
FGSM,Top Half,,0.00784313725490196,0.7099892588614393,7.42296918767507,0.6813124669685225,0.017006306,0.07557135378635788,2.4387553322071933
PGD,Top Half,,0.00784313725490196,0.7099892588614393,7.42296918767507,0.6798430443839198,0.01740501,0.07557135378635788,2.3946823177481056
FGSM,Top Half,,0.01568627450980392,0.6638023630504833,13.445378151260504,0.6345926861412402,0.029024556,0.0785872957376097,4.481798852680833
PGD,Top Half,,0.01568627450980392,0.6584317937701396,14.145658263305322,0.6256430255756702,0.029713776,0.07858729560956534,4.341693264073127
FGSM,Top Half,,0.03137254901960784,0.556390977443609,27.450980392156865,0.5306721264482344,0.043587238,0.08493528368649754,8.7032096291203
PGD,Top Half,,0.03137254901960784,0.5284640171858217,31.092436974789916,0.4854263503878562,0.04050545,0.08493528368649754,8.267729456519467
FGSM,Top Half,,0.06274509803921569,0.4189044038668099,45.378151260504204,0.3890876708073952,0.04205003,0.09864602590862073,17.2548571257791
PGD,Top Half,,0.06274509803921569,0.3157894736842105,58.82352941176471,0.2833397476479701,0.013140861,0.09864602584459856,15.927559245157703
FGSM,Bottom Half,,0.00392156862745098,0.7379162191192267,3.7815126050420167,0.7187354019931653,0.009357815,0.07406336126727013,1.4812596041457098
PGD,Bottom Half,,0.00392156862745098,0.7357679914070892,4.061624649859944,0.7172607997173037,0.0094819,0.07406336126727013,1.4681472086880825
FGSM,Bottom Half,,0.00784313725490196,0.7089151450053706,7.563025210084033,0.6910203930648862,0.01798969,0.0755713542345131,2.438893906412012
PGD,Bottom Half,,0.00784313725490196,0.7078410311493019,7.703081232492997,0.6892061607191255,0.018535474,0.07557135417049092,2.3954717669912107
FGSM,Bottom Half,,0.01568627450980392,0.6552094522019334,14.565826330532214,0.6294233853359479,0.032428592,0.07858729592967623,4.482193541193879
PGD,Bottom Half,,0.01568627450980392,0.6476906552094522,15.546218487394958,0.6110667979360686,0.033875294,0.07858729580163187,4.344367274920487
FGSM,Bottom Half,,0.03137254901960784,0.5520945220193341,28.011204481792717,0.5171866555112163,0.04650149,0.08493528400660842,8.704236815234388
PGD,Bottom Half,,0.03137254901960784,0.5048335123523093,34.173669467787114,0.4681093938419179,0.043147065,0.08493528400660842,8.275201131654732
FGSM,Bottom Half,,0.06274509803921569,0.3802363050483351,50.42016806722689,0.37337026185309286,0.042583957,0.09864602622873161,17.257245775708324
PGD,Bottom Half,,0.06274509803921569,0.284640171858217,62.88515406162465,0.2549851786345115,0.01076431,0.09864602616470944,15.950739890240957
