Attack,Epsilon,Baseline_Robust_Acc,Baseline_ASR,Defended_Robust_Acc,Defended_ASR,Acc_Gain,ASR_Reduction
FGSM,0/255,39.1,52.36,71.21,7.14,32.12,45.21
FGSM,1/255,16.65,79.71,65.41,14.71,48.76,65.01
FGSM,3/255,5.59,93.19,53.92,29.69,48.34,63.5
FGSM,7/255,1.4,98.3,36.73,52.1,35.34,46.2
FGSM,15/255,1.18,98.56,17.29,77.45,16.11,21.11
PGD,0/255,28.36,65.45,71.11,7.28,42.75,58.16
PGD,1/255,5.8,92.93,64.98,15.27,59.18,77.67
PGD,3/255,0.43,99.48,51.99,32.21,51.56,67.26
PGD,7/255,0.0,100.0,28.89,62.32,28.89,37.68
PGD,15/255,0.0,100.0,7.41,90.34,7.41,9.66
